series,runs,dfa_alpha_mean,dfa_alpha_std,spectrum_width_mean,spectrum_width_std
fGn H=0.3,50,0.3033092517367505,0.02095818586017356,0.03945290210364951,0.019758494700932962
fGn H=0.5,50,0.4981627015403591,0.026196164118752974,0.04893128569847807,0.026910849716472552
fGn H=0.7,50,0.6974308183606317,0.033014965786441045,0.07762378073862472,0.031954506513043664
